<?xml version="1.0"?>

<!DOCTYPE MODE SYSTEM "xmode.dtd">
<!--  Bliss edit mode
      Version 1.0
      May 5, 2002
-->
<!--
    This is a mode for Bliss (32 & 64) source files.
-->
<!-- Suggested catalog file entry:

<MODE NAME="Bliss"		FILE="bliss.xml"
                FILE_NAME_GLOB="*.{b32,bli,b64,r32,req,r64}" />
 -->
<MODE>
    <PROPS>
         <PROPERTY NAME="lineComment" VALUE="!" />
         <PROPERTY NAME="wordBreakChars" VALUE=",+-=&lt;&gt;/?^&amp;*" />
         <PROPERTY NAME="indentOpenBrackets" VALUE="begin" />
         <PROPERTY NAME="indentCloseBrackets" VALUE="end" />
         <PROPERTY NAME="noWordSep" VALUE="$_" />
         <PROPERTY NAME="tabSize" VALUE="8" />
    </PROPS>

    <RULES IGNORE_CASE="TRUE" HIGHLIGHT_DIGITS="FALSE">
        <!-- whitespace: (space and tab) -->
        <WHITESPACE> </WHITESPACE>
        <WHITESPACE>	</WHITESPACE>

        <EOL_SPAN TYPE="COMMENT1">!</EOL_SPAN>

        <SPAN TYPE="LITERAL1" NO_LINE_BREAK="FALSE">
            <BEGIN>'</BEGIN>
            <END>'</END>
        </SPAN>

<!-- Preprocessor commands -->
        <MARK_FOLLOWING TYPE="KEYWORD3" AT_LINE_START="FALSE">%</MARK_FOLLOWING>

<!-- not highlighting these operators -->
        <SEQ TYPE="NULL">)</SEQ>
        <SEQ TYPE="NULL">(</SEQ>
        <SEQ TYPE="NULL">,</SEQ>
        <SEQ TYPE="NULL">;</SEQ>
        <SEQ TYPE="NULL">*</SEQ>
        <SEQ TYPE="NULL">[</SEQ>
        <SEQ TYPE="NULL">]</SEQ>


<KEYWORDS IGNORE_CASE="TRUE">
    <!-- Standard language keywords -->
    <KEYWORD1>MODULE</KEYWORD1>
    <KEYWORD1>ELUDOM</KEYWORD1>
    <KEYWORD1>BEGIN</KEYWORD1>
    <KEYWORD1>END</KEYWORD1>

    <KEYWORD1>PLIT</KEYWORD1>
    <KEYWORD1>UPLIT</KEYWORD1>
    <KEYWORD1>PSECT</KEYWORD1>
    <KEYWORD1>REP</KEYWORD1>
    <KEYWORD1>OF</KEYWORD1>
    <KEYWORD1>BYTE</KEYWORD1>

    <KEYWORD1>WORD</KEYWORD1>
    <KEYWORD1>LONG</KEYWORD1>
    <KEYWORD1>REF</KEYWORD1>
    <KEYWORD1>FIELD</KEYWORD1>
    <KEYWORD1>INITIAL</KEYWORD1>
    <KEYWORD1>PRESET</KEYWORD1>
    <KEYWORD1>SIGNED</KEYWORD1>
    <KEYWORD1>UNSIGNED</KEYWORD1>
    <KEYWORD1>STRUCTURE</KEYWORD1>

    <KEYWORD1>ADDRESSING_MODE</KEYWORD1>
    <KEYWORD1>ABSOLUTE</KEYWORD1>
    <KEYWORD1>GENERAL</KEYWORD1>
    <KEYWORD1>LONG_RELATIVE</KEYWORD1>
    <KEYWORD1>WORD_RELATIVE</KEYWORD1>
    <KEYWORD1>OWN</KEYWORD1>
    <KEYWORD1>VOLATILE></KEYWORD1>
    <KEYWORD1>ALIGN</KEYWORD1>
    <KEYWORD1>GLOBAL</KEYWORD1>
    <KEYWORD1>WEAK</KEYWORD1>
    <KEYWORD1>EXTERNAL</KEYWORD1>
    <KEYWORD1>FORWARD</KEYWORD1>
    <KEYWORD1>LOCAL</KEYWORD1>
    <KEYWORD1>STACKLOCAL</KEYWORD1>
    <KEYWORD1>REGISTER</KEYWORD1>
    <KEYWORD1>MAP</KEYWORD1>
    <KEYWORD1>ROUTINE</KEYWORD1>
    <KEYWORD1>NOVALUE</KEYWORD1>
    <KEYWORD1>LINKAGE</KEYWORD1>
    <KEYWORD1>CALL</KEYWORD1>
    <KEYWORD1>INTERRUPT</KEYWORD1>
    <KEYWORD1>JSB</KEYWORD1>
    <KEYWORD1>STANDARD</KEYWORD1>
    <KEYWORD1>PRESERVE</KEYWORD1>
    <KEYWORD1>NOPRESERVE</KEYWORD1>
    <KEYWORD1>NOTUSED</KEYWORD1>
    <KEYWORD1>LITERAL</KEYWORD1>
    <KEYWORD1>BIND</KEYWORD1>
    <KEYWORD1>COMPILETIME</KEYWORD1>

    <KEYWORD1>MACRO</KEYWORD1>
    <KEYWORD1>KEYWORDMACRO</KEYWORD1>
    <KEYWORD1>REQUIRE</KEYWORD1>
    <KEYWORD1>LIBRARY</KEYWORD1>
    <KEYWORD1>CODE</KEYWORD1>
    <KEYWORD1>NODEFAULT</KEYWORD1>
    <KEYWORD1>NONEXTERNAL</KEYWORD1>
    <KEYWORD1>IDENT</KEYWORD1>

    <KEYWORD1>EXECUTE</KEYWORD1>
    <KEYWORD1>NOEXECUTE</KEYWORD1>
    <KEYWORD1>WRITE</KEYWORD1>
    <KEYWORD1>NOWRITE</KEYWORD1>
    <KEYWORD1>OVERLAY</KEYWORD1>
    <KEYWORD1>CONCATENATE</KEYWORD1>
    <KEYWORD1>READ</KEYWORD1>
    <KEYWORD1>NOREAD</KEYWORD1>
    <KEYWORD1>SHARE</KEYWORD1>
    <KEYWORD1>NOSHARE</KEYWORD1>
    <KEYWORD1>PIC</KEYWORD1>
    <KEYWORD1>NOPIC</KEYWORD1>
    <KEYWORD1>VECTOR</KEYWORD1>
    <KEYWORD1>BLOCK</KEYWORD1>
    <KEYWORD1>BLOCKVECTOR</KEYWORD1>
    <KEYWORD1>BITVECTOR</KEYWORD1>
    <KEYWORD1>VECTOR</KEYWORD1>

    <KEYWORD1>SWITCHES</KEYWORD1>
    <KEYWORD1>ERRS</KEYWORD1>
    <KEYWORD1>NOERRS</KEYWORD1>
    <KEYWORD1>OPTIMIZE</KEYWORD1>
    <KEYWORD1>NOOPTIMIZE</KEYWORD1>
    <KEYWORD1>SAFE</KEYWORD1>
    <KEYWORD1>NOSAFE</KEYWORD1>
    <KEYWORD1>ZIP</KEYWORD1>
    <KEYWORD1>NOZIP</KEYWORD1>
    <KEYWORD1>UNAMES</KEYWORD1>
    <KEYWORD1>NOUNAMES</KEYWORD1>
    <KEYWORD1>LANGUAGE</KEYWORD1>
    <KEYWORD1>LIST</KEYWORD1>

    <KEYWORD1>CODE</KEYWORD1>
    <KEYWORD1>NOCODE</KEYWORD1>
    <KEYWORD1>DEBUG</KEYWORD1>
    <KEYWORD1>NODEBUG</KEYWORD1>
    <KEYWORD1>MAIN</KEYWORD1>

    <KEYWORD1>OPTLEVEL</KEYWORD1>
    <KEYWORD1>VERSION</KEYWORD1>
    <KEYWORD1>COMMON</KEYWORD1>
    <KEYWORD1>BLISS16</KEYWORD1>
    <KEYWORD1>BLISS32</KEYWORD1>
    <KEYWORD1>BLISS36</KEYWORD1>
    <KEYWORD1>BLISS64</KEYWORD1>

    <KEYWORD1>SOURCE</KEYWORD1>
    <KEYWORD1>NOSOURCE</KEYWORD1>
    <KEYWORD1>NOREQUIRE</KEYWORD1>
    <KEYWORD1>EXPAND</KEYWORD1>

    <KEYWORD1>NOEXPAND</KEYWORD1>
    <KEYWORD1>TRACE</KEYWORD1>
    <KEYWORD1>NOTRACE</KEYWORD1>
    <KEYWORD1>NOLIBRARY</KEYWORD1>
    <KEYWORD1>OBJECT</KEYWORD1>
    <KEYWORD1>NOOBJECT</KEYWORD1>
    <KEYWORD1>ASSEMBLY</KEYWORD1>
    <KEYWORD1>NOASSEMBLY</KEYWORD1>
    <KEYWORD1>SYMBOLIC</KEYWORD1>
    <KEYWORD1>NOSYMBOLIC</KEYWORD1>
    <KEYWORD1>BINARY</KEYWORD1>
    <KEYWORD1>NOBINARY</KEYWORD1>
    <KEYWORD1>COMMENTARY</KEYWORD1>
    <KEYWORD1>NOCOMMENTARY</KEYWORD1>


    <KEYWORD1>LABEL</KEYWORD1>
    <KEYWORD1>BUILTIN</KEYWORD1>
    <KEYWORD1>UNDECLARE</KEYWORD1>
    <KEYWORD1>CODECOMMENT</KEYWORD1>

    <KEYWORD1>SIGNAL</KEYWORD1>
    <KEYWORD1>SIGNAL_STOP</KEYWORD1>
    <KEYWORD1>SETUNWIND</KEYWORD1>
    <KEYWORD1>ENABLE</KEYWORD1>

    <KEYWORD1>IF</KEYWORD1>
    <KEYWORD1>THEN</KEYWORD1>
    <KEYWORD1>ELSE</KEYWORD1>
    <KEYWORD1>CASE</KEYWORD1>
    <KEYWORD1>FROM</KEYWORD1>
    <KEYWORD1>TO</KEYWORD1>
    <KEYWORD1>OF</KEYWORD1>
    <KEYWORD1>SET</KEYWORD1>
    <KEYWORD1>TES</KEYWORD1>
    <KEYWORD1>INRANGE</KEYWORD1>
    <KEYWORD1>OUTRANGE</KEYWORD1>
    <KEYWORD1>BY</KEYWORD1>
    <KEYWORD1>DO</KEYWORD1>

    <KEYWORD1>SELECT</KEYWORD1>
    <KEYWORD1>SELECTA</KEYWORD1>
    <KEYWORD1>SELECTU</KEYWORD1>
    <KEYWORD1>SELECTONE</KEYWORD1>
    <KEYWORD1>SELECTONEA</KEYWORD1>
    <KEYWORD1>SELECTONEU</KEYWORD1>
    <KEYWORD1>OTHERWISE</KEYWORD1>
    <KEYWORD1>ALWAYS</KEYWORD1>

    <KEYWORD1>INCR</KEYWORD1>
    <KEYWORD1>INCRA</KEYWORD1>
    <KEYWORD1>INCRU</KEYWORD1>
    <KEYWORD1>DECR</KEYWORD1>
    <KEYWORD1>DECRA</KEYWORD1>
    <KEYWORD1>DECRU</KEYWORD1>
    <KEYWORD1>WHILE</KEYWORD1>
    <KEYWORD1>UNTIL</KEYWORD1>
    <KEYWORD1>LEAVE</KEYWORD1>
    <KEYWORD1>WITH</KEYWORD1>
    <KEYWORD1>EXITLOOP</KEYWORD1>
    <KEYWORD1>RETURN</KEYWORD1>

    <KEYWORD1>BLISS</KEYWORD1>
    <KEYWORD1>FORTRAN</KEYWORD1>
    <KEYWORD1>FORTRAN_FUNC</KEYWORD1>
    <KEYWORD1>FORTRAN_SUB</KEYWORD1>

    <KEYWORD1>IOPAGE</KEYWORD1>
    <KEYWORD1>RECORD</KEYWORD1>
    <KEYWORD1>SHOW></KEYWORD1>

    <KEYWORD1>R0</KEYWORD1>
    <KEYWORD1>R1</KEYWORD1>
    <KEYWORD1>R2</KEYWORD1>
    <KEYWORD1>R3</KEYWORD1>
    <KEYWORD1>R4</KEYWORD1>
    <KEYWORD1>R5</KEYWORD1>
    <KEYWORD1>R6</KEYWORD1>
    <KEYWORD1>R7</KEYWORD1>
    <KEYWORD1>R8</KEYWORD1>
    <KEYWORD1>R9</KEYWORD1>
    <KEYWORD1>R10</KEYWORD1>
    <KEYWORD1>R11</KEYWORD1>
    <KEYWORD1>AP</KEYWORD1>
    <KEYWORD1>FP</KEYWORD1>
    <KEYWORD1>SP</KEYWORD1>
    <KEYWORD1>PC</KEYWORD1>
    <KEYWORD1>R12</KEYWORD1>
    <KEYWORD1>R13</KEYWORD1>
    <KEYWORD1>R14</KEYWORD1>
    <KEYWORD1>R15</KEYWORD1>
    <KEYWORD1>R16</KEYWORD1>
    <KEYWORD1>R17</KEYWORD1>
    <KEYWORD1>R18</KEYWORD1>
    <KEYWORD1>R19</KEYWORD1>
    <KEYWORD1>R20</KEYWORD1>
    <KEYWORD1>R21</KEYWORD1>
    <KEYWORD1>R22</KEYWORD1>
    <KEYWORD1>R23</KEYWORD1>
    <KEYWORD1>R24</KEYWORD1>
    <KEYWORD1>R25</KEYWORD1>
    <KEYWORD1>R26</KEYWORD1>
    <KEYWORD1>R27</KEYWORD1>
    <KEYWORD1>R28</KEYWORD1>
    <KEYWORD1>R29</KEYWORD1>

<!-- Highlighted Operators -->
    <KEYWORD2>EQL</KEYWORD2>
    <KEYWORD2>EQLA</KEYWORD2>
    <KEYWORD2>EQLU</KEYWORD2>
    <KEYWORD2>NEQ</KEYWORD2>
    <KEYWORD2>NEQA</KEYWORD2>
    <KEYWORD2>NEQU</KEYWORD2>
    <KEYWORD2>LSS</KEYWORD2>
    <KEYWORD2>LSSA</KEYWORD2>
    <KEYWORD2>LSSU</KEYWORD2>
    <KEYWORD2>GTR</KEYWORD2>
    <KEYWORD2>GTRA</KEYWORD2>
    <KEYWORD2>GTRU</KEYWORD2>
    <KEYWORD2>LEQ</KEYWORD2>
    <KEYWORD2>LEQA</KEYWORD2>
    <KEYWORD2>LEQU</KEYWORD2>
    <KEYWORD2>GEQ</KEYWORD2>
    <KEYWORD2>GEQA</KEYWORD2>
    <KEYWORD2>GEQU</KEYWORD2>
    <KEYWORD2>AND</KEYWORD2>
    <KEYWORD2>OR</KEYWORD2>
    <KEYWORD2>EQV</KEYWORD2>
    <KEYWORD2>XOR</KEYWORD2>
    <KEYWORD2>NOT</KEYWORD2>

<!-- Builtin functions -->
    <FUNCTION>MAX</FUNCTION>
    <FUNCTION>MAXA</FUNCTION>
    <FUNCTION>MAXU</FUNCTION>
    <FUNCTION>MIN</FUNCTION>
    <FUNCTION>MINA</FUNCTION>
    <FUNCTION>MINU</FUNCTION>
    <FUNCTION>SIGN</FUNCTION>
    <FUNCTION>ABS</FUNCTION>

    <FUNCTION>ACTUALCOUNT</FUNCTION>
    <FUNCTION>ACTUALPARAMETER</FUNCTION>
    <FUNCTION>ARGPTR</FUNCTION>
    <FUNCTION>NULLPARAMETER</FUNCTION>
    <FUNCTION>ESTABLISH</FUNCTION>

    <FUNCTION>CH$PTR</FUNCTION>
    <FUNCTION>CH$PLUS</FUNCTION>
    <FUNCTION>CH$DIFF</FUNCTION>
    <FUNCTION>CH$RCHAR</FUNCTION>
    <FUNCTION>CH$WCHAR</FUNCTION>
    <FUNCTION>CH$RCHAR_A</FUNCTION>
    <FUNCTION>CH$WCHAR_A</FUNCTION>
    <FUNCTION>CH$A_RCHAR</FUNCTION>
    <FUNCTION>CH$A_WCHAR</FUNCTION>
    <FUNCTION>CH$ALLOCATION</FUNCTION>
    <FUNCTION>CH$SIZE</FUNCTION>
    <FUNCTION>CH$MOVE</FUNCTION>
    <FUNCTION>CH$COPY</FUNCTION>
    <FUNCTION>CH$FILL</FUNCTION>
    <FUNCTION>CH$LSS</FUNCTION>
    <FUNCTION>CH$LEQ</FUNCTION>
    <FUNCTION>CH$GTR</FUNCTION>
    <FUNCTION>CH$GEQ</FUNCTION>
    <FUNCTION>CH$EQL</FUNCTION>
    <FUNCTION>CH$NEQ</FUNCTION>
    <FUNCTION>CH$COMPARE</FUNCTION>
    <FUNCTION>CH$FIND_SUB</FUNCTION>
    <FUNCTION>CH$FIND_CH</FUNCTION>
    <FUNCTION>CH$FIND_NOT_CH</FUNCTION>
    <FUNCTION>CH$TRANSTABLE</FUNCTION>
    <FUNCTION>CH$TRANSLATE</FUNCTION>
    <FUNCTION>CH$FAIL</FUNCTION>

    <FUNCTION>ADDD</FUNCTION>
    <FUNCTION>ADDF</FUNCTION>
    <FUNCTION>CMPD</FUNCTION>
    <FUNCTION>CMPF</FUNCTION>
    <FUNCTION>CVTDF</FUNCTION>
    <FUNCTION>CVTDI</FUNCTION>
    <FUNCTION>CVTFD</FUNCTION>
    <FUNCTION>CVTFI</FUNCTION>
    <FUNCTION>CVTID</FUNCTION>
    <FUNCTION>CVTIF</FUNCTION>
    <FUNCTION>DIVD</FUNCTION>
    <FUNCTION>DIVF</FUNCTION>
    <FUNCTION>MULD</FUNCTION>
    <FUNCTION>MULF</FUNCTION>
    <FUNCTION>SUBD</FUNCTION>
    <FUNCTION>SUBF</FUNCTION>

    <FUNCTION>ADAWI</FUNCTION>
    <FUNCTION>ADDG</FUNCTION>
    <FUNCTION>ADDH</FUNCTION>
    <FUNCTION>ADDM</FUNCTION>
    <FUNCTION>ASHO</FUNCTION>
    <FUNCTION>ASHP</FUNCTION>
    <FUNCTION>ASHQ</FUNCTION>
    <FUNCTION>BICPSW</FUNCTION>
    <FUNCTION>BISPSW</FUNCTION>
    <FUNCTION>BPT</FUNCTION>
    <FUNCTION>BUGL</FUNCTION>
    <FUNCTION>BUGW</FUNCTION>
    <FUNCTION>CALLG</FUNCTION>
    <FUNCTION>CHME</FUNCTION>
    <FUNCTION>CHMK</FUNCTION>
    <FUNCTION>CHMS</FUNCTION>
    <FUNCTION>CHMU</FUNCTION>
    <FUNCTION>CMPC3</FUNCTION>
    <FUNCTION>CMPC5</FUNCTION>
    <FUNCTION>CMPG</FUNCTION>
    <FUNCTION>CMPH</FUNCTION>
    <FUNCTION>CMPM</FUNCTION>
    <FUNCTION>CMPP</FUNCTION>
    <FUNCTION>CRC</FUNCTION>
    <FUNCTION>CVTDL</FUNCTION>
    <FUNCTION>CVTFG></FUNCTION>
    <FUNCTION>CVTFH</FUNCTION>
    <FUNCTION>CVTGF</FUNCTION>
    <FUNCTION>CVTGL</FUNCTION>
    <FUNCTION>CVTHF</FUNCTION>
    <FUNCTION>CVTHL</FUNCTION>
    <FUNCTION>CVTLD</FUNCTION>
    <FUNCTION>CVTLF</FUNCTION>
    <FUNCTION>CVTLG</FUNCTION>
    <FUNCTION>CVTLH</FUNCTION>
    <FUNCTION>CVTLP</FUNCTION>
    <FUNCTION>CVTPL</FUNCTION>
    <FUNCTION>CVTPS</FUNCTION>
    <FUNCTION>CVTPT</FUNCTION>
    <FUNCTION>CVTSP</FUNCTION>
    <FUNCTION>CVTTP</FUNCTION>
    <FUNCTION>CVTRDH</FUNCTION>
    <FUNCTION>CVTRGL</FUNCTION>
    <FUNCTION>CVTRHL</FUNCTION>
    <FUNCTION>DIVG</FUNCTION>
    <FUNCTION>DIVH</FUNCTION>
    <FUNCTION>EDITPC</FUNCTION>
    <FUNCTION>EDIV</FUNCTION>
    <FUNCTION>EMUL</FUNCTION>
    <FUNCTION>FFC</FUNCTION>
    <FUNCTION>FFS</FUNCTION>
    <FUNCTION>HALT</FUNCTION>
    <FUNCTION>INDEX</FUNCTION>
    <FUNCTION>INSQUE</FUNCTION>
    <FUNCTION>INSQHI</FUNCTION>
    <FUNCTION>INSQTI</FUNCTION>
    <FUNCTION>LOCC</FUNCTION>
    <FUNCTION>MATCHC</FUNCTION>
    <FUNCTION>MFPR</FUNCTION>
    <FUNCTION>MOVC3</FUNCTION>
    <FUNCTION>MOVC5</FUNCTION>
    <FUNCTION>MOVP</FUNCTION>
    <FUNCTION>MOVPSL</FUNCTION>
    <FUNCTION>MOVTC</FUNCTION>
    <FUNCTION>MOVTUC</FUNCTION>
    <FUNCTION>MTPR</FUNCTION>
    <FUNCTION>MULG</FUNCTION>
    <FUNCTION>MULH</FUNCTION>
    <FUNCTION>NOP</FUNCTION>
    <FUNCTION>PROBER</FUNCTION>
    <FUNCTION>PROBEW</FUNCTION>
    <FUNCTION>REMQUE</FUNCTION>
    <FUNCTION>REMQHI</FUNCTION>
    <FUNCTION>REMQTI</FUNCTION>
    <FUNCTION>ROT</FUNCTION>
    <FUNCTION>SCANC</FUNCTION>
    <FUNCTION>SKPC</FUNCTION>
    <FUNCTION>SPANC</FUNCTION>
    <FUNCTION>SUBG</FUNCTION>
    <FUNCTION>SUBH</FUNCTION>
    <FUNCTION>SUBM</FUNCTION>
    <FUNCTION>TESTBITCC</FUNCTION>
    <FUNCTION>TESTBITCCI</FUNCTION>
    <FUNCTION>TESTBITCS</FUNCTION>
    <FUNCTION>TESTBITSC</FUNCTION>
    <FUNCTION>TESTBITSS</FUNCTION>
    <FUNCTION>TESTBITSSI</FUNCTION>
    <FUNCTION>XFC</FUNCTION>
    <FUNCTION>BIT</FUNCTION>

    </KEYWORDS>
    </RULES>
</MODE>
