<?xml version="1.0"?>

<!DOCTYPE MODE SYSTEM "xmode.dtd">
<!--  Macro32 edit mode
      Version 1.0
      Jul 4, 2002
-->
<!--
    This is a mode for Macro-32 (VAX & Alpha) source files.
-->
<!-- Suggested catalog file entry:

<MODE NAME="assembly-VAX-Alpha"     FILE="macro32.xml"
                FILE_NAME_GLOB="*.mar" />
 -->
<MODE>
    <PROPS>
         <PROPERTY NAME="lineComment" VALUE=";" />
         <PROPERTY NAME="noWordSep" VALUE="$_" />
    </PROPS>

    <RULES IGNORE_CASE="TRUE" HIGHLIGHT_DIGITS="FALSE">
        <!-- whitespace: (space and tab) -->
        <WHITESPACE> </WHITESPACE>
        <WHITESPACE>	</WHITESPACE>

        <EOL_SPAN TYPE="COMMENT1">;</EOL_SPAN>

        <SPAN TYPE="LITERAL1" NO_LINE_BREAK="FALSE">
            <BEGIN>'</BEGIN>
            <END>'</END>
        </SPAN>

<!-- Labels -->
        <MARK_PREVIOUS TYPE="LABEL" AT_LINE_START="TRUE" EXCLUDE_MATCH="TRUE">:</MARK_PREVIOUS>

<!-- Preprocessor commands -->
        <MARK_FOLLOWING TYPE="KEYWORD3" AT_LINE_START="FALSE">.</MARK_FOLLOWING>

<!-- not highlighting these operators -->
        <SEQ TYPE="NULL">,</SEQ>
        <SEQ TYPE="NULL">(</SEQ>
        <SEQ TYPE="NULL">)</SEQ>
        <SEQ TYPE="NULL">]</SEQ>
        <SEQ TYPE="NULL">[</SEQ>

        <SEQ TYPE="OPERATOR">+</SEQ>
        <SEQ TYPE="OPERATOR">-</SEQ>
        <SEQ TYPE="OPERATOR">/</SEQ>
        <SEQ TYPE="OPERATOR">*</SEQ>
        <SEQ TYPE="OPERATOR">%</SEQ>

        <SEQ TYPE="OPERATOR">|</SEQ>
        <SEQ TYPE="OPERATOR">^</SEQ>
        <SEQ TYPE="OPERATOR">&amp;</SEQ>
        <SEQ TYPE="OPERATOR">~</SEQ>
        <SEQ TYPE="OPERATOR">!</SEQ>

        <SEQ TYPE="OPERATOR">=</SEQ>
        <SEQ TYPE="OPERATOR">&lt;</SEQ>
        <SEQ TYPE="OPERATOR">&gt;</SEQ>


<KEYWORDS IGNORE_CASE="TRUE">

<!-- OPCODES (VAX) -->

    <KEYWORD1>R0</KEYWORD1>
    <KEYWORD1>R1</KEYWORD1>
    <KEYWORD1>R2</KEYWORD1>
    <KEYWORD1>R3</KEYWORD1>
    <KEYWORD1>R4</KEYWORD1>
    <KEYWORD1>R5</KEYWORD1>
    <KEYWORD1>R6</KEYWORD1>
    <KEYWORD1>R7</KEYWORD1>
    <KEYWORD1>R8</KEYWORD1>
    <KEYWORD1>R9</KEYWORD1>
    <KEYWORD1>R10</KEYWORD1>
    <KEYWORD1>R11</KEYWORD1>
    <KEYWORD1>AP</KEYWORD1>
    <KEYWORD1>FP</KEYWORD1>
    <KEYWORD1>SP</KEYWORD1>
    <KEYWORD1>PC</KEYWORD1>
    <KEYWORD1>R12</KEYWORD1>
    <KEYWORD1>R13</KEYWORD1>
    <KEYWORD1>R14</KEYWORD1>
    <KEYWORD1>R15</KEYWORD1>

    <KEYWORD1>ACBB</KEYWORD1>
    <KEYWORD1>ACBW</KEYWORD1>
    <KEYWORD1>ACBL</KEYWORD1>
    <KEYWORD1>ACBF</KEYWORD1>
    <KEYWORD1>ACBD</KEYWORD1>
    <KEYWORD1>ACBG</KEYWORD1>
    <KEYWORD1>ACBH</KEYWORD1>
    <KEYWORD1>ADAWI</KEYWORD1>
    <KEYWORD1>ADDB</KEYWORD1>
    <KEYWORD1>ADDB2</KEYWORD1>
    <KEYWORD1>ADDB3</KEYWORD1>
    <KEYWORD1>ADDW</KEYWORD1>
    <KEYWORD1>ADDW2</KEYWORD1>
    <KEYWORD1>ADDW3</KEYWORD1>
    <KEYWORD1>ADDL</KEYWORD1>
    <KEYWORD1>ADDL2</KEYWORD1>
    <KEYWORD1>ADDL3</KEYWORD1>
    <KEYWORD1>ADWC</KEYWORD1>
    <KEYWORD1>ADDF</KEYWORD1>
    <KEYWORD1>ADDF2</KEYWORD1>
    <KEYWORD1>ADDF3</KEYWORD1>
    <KEYWORD1>ADDD</KEYWORD1>
    <KEYWORD1>ADDD2</KEYWORD1>
    <KEYWORD1>ADDD3</KEYWORD1>
    <KEYWORD1>ADDG</KEYWORD1>
    <KEYWORD1>ADDG2</KEYWORD1>
    <KEYWORD1>ADDG3</KEYWORD1>
    <KEYWORD1>ADDH</KEYWORD1>
    <KEYWORD1>ADDH2</KEYWORD1>
    <KEYWORD1>ADDH3</KEYWORD1>
    <KEYWORD1>ADDP</KEYWORD1>
    <KEYWORD1>ADDP4</KEYWORD1>
    <KEYWORD1>ADDP6</KEYWORD1>
    <KEYWORD1>AOBLSS</KEYWORD1>
    <KEYWORD1>AOBLEQ</KEYWORD1>
    <KEYWORD1>SOBGEQ</KEYWORD1>
    <KEYWORD1>SOBGTR</KEYWORD1>
    <KEYWORD1>ASHL</KEYWORD1>
    <KEYWORD1>ASHQ</KEYWORD1>
    <KEYWORD1>ASHP</KEYWORD1>
    <KEYWORD1>BBC</KEYWORD1>
    <KEYWORD1>BBS</KEYWORD1>
    <KEYWORD1>BBCC</KEYWORD1>
    <KEYWORD1>BBSS</KEYWORD1>
    <KEYWORD1>BBCS</KEYWORD1>
    <KEYWORD1>BBSC</KEYWORD1>
    <KEYWORD1>BBSSI</KEYWORD1>
    <KEYWORD1>BBCCI</KEYWORD1>
    <KEYWORD1>BCC</KEYWORD1>
    <KEYWORD1>BCS</KEYWORD1>
    <KEYWORD1>BICPSW</KEYWORD1>
    <KEYWORD1>BISPSW</KEYWORD1>
    <KEYWORD1>BEQL</KEYWORD1>
    <KEYWORD1>BEQLU</KEYWORD1>
    <KEYWORD1>BNEQ</KEYWORD1>
    <KEYWORD1>BNEQU</KEYWORD1>
    <KEYWORD1>BGTR</KEYWORD1>
    <KEYWORD1>BGTRU</KEYWORD1>
    <KEYWORD1>BLSS</KEYWORD1>
    <KEYWORD1>BLSSU</KEYWORD1>
    <KEYWORD1>BGEQ</KEYWORD1>
    <KEYWORD1>BGEQU</KEYWORD1>
    <KEYWORD1>BLEQ</KEYWORD1>
    <KEYWORD1>BLEQU</KEYWORD1>
    <KEYWORD1>BICB</KEYWORD1>
    <KEYWORD1>BICB2</KEYWORD1>
    <KEYWORD1>BICB3</KEYWORD1>
    <KEYWORD1>BISB</KEYWORD1>
    <KEYWORD1>BISB2</KEYWORD1>
    <KEYWORD1>BISB3</KEYWORD1>
    <KEYWORD1>BICW</KEYWORD1>
    <KEYWORD1>BICW2</KEYWORD1>
    <KEYWORD1>BICW3</KEYWORD1>
    <KEYWORD1>BISW</KEYWORD1>
    <KEYWORD1>BISW2</KEYWORD1>
    <KEYWORD1>BISW3</KEYWORD1>
    <KEYWORD1>BICL</KEYWORD1>
    <KEYWORD1>BICL2</KEYWORD1>
    <KEYWORD1>BICL3</KEYWORD1>
    <KEYWORD1>BISL</KEYWORD1>
    <KEYWORD1>BISL2</KEYWORD1>
    <KEYWORD1>BISL3</KEYWORD1>
    <KEYWORD1>BITB</KEYWORD1>
    <KEYWORD1>BITW</KEYWORD1>
    <KEYWORD1>BITL</KEYWORD1>
    <KEYWORD1>BLBC</KEYWORD1>
    <KEYWORD1>BLBS</KEYWORD1>
    <KEYWORD1>BPT</KEYWORD1>
    <KEYWORD1>BRB</KEYWORD1>
    <KEYWORD1>BRW</KEYWORD1>
    <KEYWORD1>JMP</KEYWORD1>
    <KEYWORD1>BSBB</KEYWORD1>
    <KEYWORD1>BSBW</KEYWORD1>
    <KEYWORD1>JSB</KEYWORD1>
    <KEYWORD1>CALLS</KEYWORD1>
    <KEYWORD1>CALLG</KEYWORD1>
    <KEYWORD1>BUGL</KEYWORD1>
    <KEYWORD1>BUGW</KEYWORD1>
    <KEYWORD1>BVC</KEYWORD1>
    <KEYWORD1>BVS</KEYWORD1>
    <KEYWORD1>CASEB</KEYWORD1>
    <KEYWORD1>CASEW</KEYWORD1>
    <KEYWORD1>CASEL</KEYWORD1>
    <KEYWORD1>CHMK</KEYWORD1>
    <KEYWORD1>CHME</KEYWORD1>
    <KEYWORD1>CHMS</KEYWORD1>
    <KEYWORD1>CHMU</KEYWORD1>
    <KEYWORD1>CLRB</KEYWORD1>
    <KEYWORD1>CLRW</KEYWORD1>
    <KEYWORD1>CLRL</KEYWORD1>
    <KEYWORD1>CLRQ</KEYWORD1>
    <KEYWORD1>CLRO</KEYWORD1>
    <KEYWORD1>CLRF</KEYWORD1>
    <KEYWORD1>CLRD</KEYWORD1>
    <KEYWORD1>CLRG</KEYWORD1>
    <KEYWORD1>CLRH</KEYWORD1>
    <KEYWORD1>CMPB</KEYWORD1>
    <KEYWORD1>CMPW</KEYWORD1>
    <KEYWORD1>CMPL</KEYWORD1>
    <KEYWORD1>CMPF</KEYWORD1>
    <KEYWORD1>CMPD</KEYWORD1>
    <KEYWORD1>CMPG</KEYWORD1>
    <KEYWORD1>CMPH</KEYWORD1>
    <KEYWORD1>CMPC</KEYWORD1>
    <KEYWORD1>CMPC3</KEYWORD1>
    <KEYWORD1>CMPC5</KEYWORD1>
    <KEYWORD1>CMPP</KEYWORD1>
    <KEYWORD1>CMPP3</KEYWORD1>
    <KEYWORD1>CMPP4</KEYWORD1>
    <KEYWORD1>CMPV</KEYWORD1>
    <KEYWORD1>CMPZV</KEYWORD1>
    <KEYWORD1>CRC</KEYWORD1>
    <KEYWORD1>CVTBW</KEYWORD1>
    <KEYWORD1>CVTBL</KEYWORD1>
    <KEYWORD1>CVTWB</KEYWORD1>
    <KEYWORD1>CVTWL</KEYWORD1>
    <KEYWORD1>CVTLB</KEYWORD1>
    <KEYWORD1>CVTLW</KEYWORD1>
    <KEYWORD1>CVTRFL</KEYWORD1>
    <KEYWORD1>CVTRDL</KEYWORD1>
    <KEYWORD1>CVTRGL</KEYWORD1>
    <KEYWORD1>CVTRHL</KEYWORD1>
    <KEYWORD1>CVTFB</KEYWORD1>
    <KEYWORD1>CVTFW</KEYWORD1>
    <KEYWORD1>CVTFL</KEYWORD1>
    <KEYWORD1>CVTBF</KEYWORD1>
    <KEYWORD1>CVTWF</KEYWORD1>
    <KEYWORD1>CVTLF</KEYWORD1>
    <KEYWORD1>CVTFD</KEYWORD1>
    <KEYWORD1>CVTFG</KEYWORD1>
    <KEYWORD1>CVTFH</KEYWORD1>
    <KEYWORD1>CVTDF</KEYWORD1>
    <KEYWORD1>CVTGF</KEYWORD1>
    <KEYWORD1>CVTHF</KEYWORD1>
    <KEYWORD1>CVTDB</KEYWORD1>
    <KEYWORD1>CVTDW</KEYWORD1>
    <KEYWORD1>CVTDL</KEYWORD1>
    <KEYWORD1>CVTBD</KEYWORD1>
    <KEYWORD1>CVTWD</KEYWORD1>
    <KEYWORD1>CVTLD</KEYWORD1>
    <KEYWORD1>CVTDG</KEYWORD1>
    <KEYWORD1>CVTDH</KEYWORD1>
    <KEYWORD1>CVTGD</KEYWORD1>
    <KEYWORD1>CVTHD</KEYWORD1>
    <KEYWORD1>CVTGB</KEYWORD1>
    <KEYWORD1>CVTGW</KEYWORD1>
    <KEYWORD1>CVTGL</KEYWORD1>
    <KEYWORD1>CVTBG</KEYWORD1>
    <KEYWORD1>CVTWG</KEYWORD1>
    <KEYWORD1>CVTLG</KEYWORD1>
    <KEYWORD1>CVTGH</KEYWORD1>
    <KEYWORD1>CVTHG</KEYWORD1>
    <KEYWORD1>CVTHB</KEYWORD1>
    <KEYWORD1>CVTHW</KEYWORD1>
    <KEYWORD1>CVTHL</KEYWORD1>
    <KEYWORD1>CVTBH</KEYWORD1>
    <KEYWORD1>CVTWH</KEYWORD1>
    <KEYWORD1>CVTLH</KEYWORD1>
    <KEYWORD1>CVTPS</KEYWORD1>
    <KEYWORD1>CVTSP</KEYWORD1>
    <KEYWORD1>CVTPT</KEYWORD1>
    <KEYWORD1>CVTTP</KEYWORD1>
    <KEYWORD1>CVTPL</KEYWORD1>
    <KEYWORD1>CVTLP</KEYWORD1>
    <KEYWORD1>CVTRFL</KEYWORD1>
    <KEYWORD1>CVTRDL</KEYWORD1>
    <KEYWORD1>CVTRGL</KEYWORD1>
    <KEYWORD1>CVTRHL</KEYWORD1>
    <KEYWORD1>DECB</KEYWORD1>
    <KEYWORD1>DECW</KEYWORD1>
    <KEYWORD1>DECL</KEYWORD1>
    <KEYWORD1>DIVB</KEYWORD1>
    <KEYWORD1>DIVB2</KEYWORD1>
    <KEYWORD1>DIVB3</KEYWORD1>
    <KEYWORD1>DIVW</KEYWORD1>
    <KEYWORD1>DIVW2</KEYWORD1>
    <KEYWORD1>DIVW3</KEYWORD1>
    <KEYWORD1>DIVL</KEYWORD1>
    <KEYWORD1>DIVL2</KEYWORD1>
    <KEYWORD1>DIVL3</KEYWORD1>
    <KEYWORD1>DIVF</KEYWORD1>
    <KEYWORD1>DIVF2</KEYWORD1>
    <KEYWORD1>DIVF3</KEYWORD1>
    <KEYWORD1>DIVD</KEYWORD1>
    <KEYWORD1>DIVD2</KEYWORD1>
    <KEYWORD1>DIVD3</KEYWORD1>
    <KEYWORD1>DIVG</KEYWORD1>
    <KEYWORD1>DIVG2</KEYWORD1>
    <KEYWORD1>DIVG3</KEYWORD1>
    <KEYWORD1>DIVH</KEYWORD1>
    <KEYWORD1>DIVH2</KEYWORD1>
    <KEYWORD1>DIVH3</KEYWORD1>
    <KEYWORD1>DIVP</KEYWORD1>
    <KEYWORD1>EDIV</KEYWORD1>
    <KEYWORD1>EMUL</KEYWORD1>
    <KEYWORD1>EXTV</KEYWORD1>
    <KEYWORD1>EXTZV</KEYWORD1>
    <KEYWORD1>FFC</KEYWORD1>
    <KEYWORD1>FFS</KEYWORD1>
    <KEYWORD1>EMODF</KEYWORD1>
    <KEYWORD1>EMODD</KEYWORD1>
    <KEYWORD1>EMODG</KEYWORD1>
    <KEYWORD1>EMODH</KEYWORD1>
    <KEYWORD1>EDITPC</KEYWORD1>
    <KEYWORD1>HALT</KEYWORD1>
    <KEYWORD1>INCB</KEYWORD1>
    <KEYWORD1>INCW</KEYWORD1>
    <KEYWORD1>INCL</KEYWORD1>
    <KEYWORD1>INDEX</KEYWORD1>
    <KEYWORD1>INSQUE</KEYWORD1>
    <KEYWORD1>REMQUE</KEYWORD1>
    <KEYWORD1>INSQHI</KEYWORD1>
    <KEYWORD1>REMQHI</KEYWORD1>
    <KEYWORD1>INSQTI</KEYWORD1>
    <KEYWORD1>REMQTI</KEYWORD1>
    <KEYWORD1>INSV</KEYWORD1>
    <KEYWORD1>LDPCTX</KEYWORD1>
    <KEYWORD1>SVPCTX</KEYWORD1>
    <KEYWORD1>LOCC</KEYWORD1>
    <KEYWORD1>MATCHC</KEYWORD1>
    <KEYWORD1>MCOMB</KEYWORD1>
    <KEYWORD1>MCOMW</KEYWORD1>
    <KEYWORD1>MCOML</KEYWORD1>
    <KEYWORD1>MFPR</KEYWORD1>
    <KEYWORD1>MTPR</KEYWORD1>
    <KEYWORD1>MNEGB</KEYWORD1>
    <KEYWORD1>MNEGW</KEYWORD1>
    <KEYWORD1>MNEGL</KEYWORD1>
    <KEYWORD1>MNEGF</KEYWORD1>
    <KEYWORD1>MNEGD</KEYWORD1>
    <KEYWORD1>MNEGG</KEYWORD1>
    <KEYWORD1>MNEGH</KEYWORD1>
    <KEYWORD1>MOVAB</KEYWORD1>
    <KEYWORD1>MOVAW</KEYWORD1>
    <KEYWORD1>MOVAL</KEYWORD1>
    <KEYWORD1>MOVAQ</KEYWORD1>
    <KEYWORD1>MOVAO</KEYWORD1>
    <KEYWORD1>MOVAF</KEYWORD1>
    <KEYWORD1>MOVAD</KEYWORD1>
    <KEYWORD1>MOVAG</KEYWORD1>
    <KEYWORD1>MOVAH</KEYWORD1>
    <KEYWORD1>MOVB</KEYWORD1>
    <KEYWORD1>MOVW</KEYWORD1>
    <KEYWORD1>MOVL</KEYWORD1>
    <KEYWORD1>MOVQ</KEYWORD1>
    <KEYWORD1>MOVO</KEYWORD1>
    <KEYWORD1>MOVF</KEYWORD1>
    <KEYWORD1>MOVD</KEYWORD1>
    <KEYWORD1>MOVG</KEYWORD1>
    <KEYWORD1>MOVH</KEYWORD1>
    <KEYWORD1>MOVP</KEYWORD1>
    <KEYWORD1>MOVC</KEYWORD1>
    <KEYWORD1>MOVC3</KEYWORD1>
    <KEYWORD1>MOVC5</KEYWORD1>
    <KEYWORD1>MOVTC</KEYWORD1>
    <KEYWORD1>MOVTUC</KEYWORD1>
    <KEYWORD1>MOVZBW</KEYWORD1>
    <KEYWORD1>MOVZBL</KEYWORD1>
    <KEYWORD1>MOVZWL</KEYWORD1>
    <KEYWORD1>MOVPSL</KEYWORD1>
    <KEYWORD1>MULB</KEYWORD1>
    <KEYWORD1>MULB2</KEYWORD1>
    <KEYWORD1>MULB3</KEYWORD1>
    <KEYWORD1>MULW</KEYWORD1>
    <KEYWORD1>MULW2</KEYWORD1>
    <KEYWORD1>MULW3</KEYWORD1>
    <KEYWORD1>MULL</KEYWORD1>
    <KEYWORD1>MULL2</KEYWORD1>
    <KEYWORD1>MULL3</KEYWORD1>
    <KEYWORD1>MULF</KEYWORD1>
    <KEYWORD1>MULF2</KEYWORD1>
    <KEYWORD1>MULF3</KEYWORD1>
    <KEYWORD1>MULD</KEYWORD1>
    <KEYWORD1>MULD2</KEYWORD1>
    <KEYWORD1>MULD3</KEYWORD1>
    <KEYWORD1>MULG</KEYWORD1>
    <KEYWORD1>MULG2</KEYWORD1>
    <KEYWORD1>MULG3</KEYWORD1>
    <KEYWORD1>MULH</KEYWORD1>
    <KEYWORD1>MULH2</KEYWORD1>
    <KEYWORD1>MULH3</KEYWORD1>
    <KEYWORD1>MULP</KEYWORD1>
    <KEYWORD1>NOP</KEYWORD1>
    <KEYWORD1>POLYF</KEYWORD1>
    <KEYWORD1>POLYD</KEYWORD1>
    <KEYWORD1>POLYG</KEYWORD1>
    <KEYWORD1>POLYH</KEYWORD1>
    <KEYWORD1>POPR</KEYWORD1>
    <KEYWORD1>PUSHR</KEYWORD1>
    <KEYWORD1>PROBER</KEYWORD1>
    <KEYWORD1>PROBEW</KEYWORD1>
    <KEYWORD1>PUSHAB</KEYWORD1>
    <KEYWORD1>PUSHAW</KEYWORD1>
    <KEYWORD1>PUSHAL</KEYWORD1>
    <KEYWORD1>PUSHAQ</KEYWORD1>
    <KEYWORD1>PUSHAO</KEYWORD1>
    <KEYWORD1>PUSHAF</KEYWORD1>
    <KEYWORD1>PUSHAD</KEYWORD1>
    <KEYWORD1>PUSHAG</KEYWORD1>
    <KEYWORD1>PUSHAH</KEYWORD1>
    <KEYWORD1>PUSHL</KEYWORD1>
    <KEYWORD1>REI</KEYWORD1>
    <KEYWORD1>RET</KEYWORD1>
    <KEYWORD1>RSB</KEYWORD1>
    <KEYWORD1>ROTL</KEYWORD1>
    <KEYWORD1>SCANC</KEYWORD1>
    <KEYWORD1>SPANC</KEYWORD1>
    <KEYWORD1>SKPC</KEYWORD1>
    <KEYWORD1>SUBB</KEYWORD1>
    <KEYWORD1>SUBB2</KEYWORD1>
    <KEYWORD1>SUBB3</KEYWORD1>
    <KEYWORD1>SUBW</KEYWORD1>
    <KEYWORD1>SUBW2</KEYWORD1>
    <KEYWORD1>SUBW3</KEYWORD1>
    <KEYWORD1>SUBL</KEYWORD1>
    <KEYWORD1>SUBL2</KEYWORD1>
    <KEYWORD1>SUBL3</KEYWORD1>
    <KEYWORD1>SUBF</KEYWORD1>
    <KEYWORD1>SUBF2</KEYWORD1>
    <KEYWORD1>SUBF3</KEYWORD1>
    <KEYWORD1>SUBD</KEYWORD1>
    <KEYWORD1>SUBD2</KEYWORD1>
    <KEYWORD1>SUBD3</KEYWORD1>
    <KEYWORD1>SUBG</KEYWORD1>
    <KEYWORD1>SUBG2</KEYWORD1>
    <KEYWORD1>SUBG3</KEYWORD1>
    <KEYWORD1>SUBH</KEYWORD1>
    <KEYWORD1>SUBH2</KEYWORD1>
    <KEYWORD1>SUBH3</KEYWORD1>
    <KEYWORD1>SUBP</KEYWORD1>
    <KEYWORD1>SUBP4</KEYWORD1>
    <KEYWORD1>SUBP6</KEYWORD1>
    <KEYWORD1>SWBC</KEYWORD1>
    <KEYWORD1>TSTB</KEYWORD1>
    <KEYWORD1>TSTW</KEYWORD1>
    <KEYWORD1>TSTL</KEYWORD1>
    <KEYWORD1>TSTF</KEYWORD1>
    <KEYWORD1>TSTD</KEYWORD1>
    <KEYWORD1>TSTG</KEYWORD1>
    <KEYWORD1>TSTH</KEYWORD1>
    <KEYWORD1>XFC</KEYWORD1>
    <KEYWORD1>XORB</KEYWORD1>
    <KEYWORD1>XORB2</KEYWORD1>
    <KEYWORD1>XORB3</KEYWORD1>
    <KEYWORD1>XORW</KEYWORD1>
    <KEYWORD1>XORW2</KEYWORD1>
    <KEYWORD1>XORW3</KEYWORD1>
    <KEYWORD1>XORL</KEYWORD1>
    <KEYWORD1>XORL2</KEYWORD1>
    <KEYWORD1>XORL3</KEYWORD1>
    <KEYWORD1>XFC</KEYWORD1>

<!-- OPCODES (ALPHA) -->
    <KEYWORD2>R16</KEYWORD2>
    <KEYWORD2>R17</KEYWORD2>
    <KEYWORD2>R18</KEYWORD2>
    <KEYWORD2>R19</KEYWORD2>
    <KEYWORD2>R20</KEYWORD2>
    <KEYWORD2>R21</KEYWORD2>
    <KEYWORD2>R22</KEYWORD2>
    <KEYWORD2>R23</KEYWORD2>
    <KEYWORD2>R24</KEYWORD2>
    <KEYWORD2>R25</KEYWORD2>
    <KEYWORD2>R26</KEYWORD2>
    <KEYWORD2>R27</KEYWORD2>
    <KEYWORD2>R28</KEYWORD2>
    <KEYWORD2>R29</KEYWORD2>

    <KEYWORD2>EVAX_LDAQ</KEYWORD2>
    <KEYWORD2>EVAX_LDQ</KEYWORD2>
    <KEYWORD2>EVAX_LDQL</KEYWORD2>
    <KEYWORD2>EVAX_LDQU</KEYWORD2>
    <KEYWORD2>EVAX_LDBU</KEYWORD2>
    <KEYWORD2>EVAX_LDWU</KEYWORD2>
    <KEYWORD2>EVAX_STQ</KEYWORD2>
    <KEYWORD2>EVAX_STQC</KEYWORD2>
    <KEYWORD2>EVAX_STQU</KEYWORD2>
    <KEYWORD2>EVAX_STB</KEYWORD2>
    <KEYWORD2>EVAX_STW</KEYWORD2>
    <KEYWORD2>EVAX_ADDQ</KEYWORD2>
    <KEYWORD2>EVAX_SUBQ</KEYWORD2>
    <KEYWORD2>EVAX_MULQ</KEYWORD2>
    <KEYWORD2>EVAX_UMULH</KEYWORD2>
    <KEYWORD2>EVAX_AND</KEYWORD2>
    <KEYWORD2>EVAX_OR</KEYWORD2>
    <KEYWORD2>EVAX_XOR</KEYWORD2>
    <KEYWORD2>EVAX_BIC</KEYWORD2>
    <KEYWORD2>EVAX_ORNOT</KEYWORD2>
    <KEYWORD2>EVAX_EQV</KEYWORD2>
    <KEYWORD2>EVAX_SLL</KEYWORD2>
    <KEYWORD2>EVAX_SRL</KEYWORD2>
    <KEYWORD2>EVAX_SRA</KEYWORD2>
    <KEYWORD2>EVAX_EXTBL</KEYWORD2>
    <KEYWORD2>EVAX_EXTWL</KEYWORD2>
    <KEYWORD2>EVAX_EXTLL</KEYWORD2>
    <KEYWORD2>EVAX_EXTQL</KEYWORD2>
    <KEYWORD2>EVAX_EXTBH</KEYWORD2>
    <KEYWORD2>EVAX_EXTWH</KEYWORD2>
    <KEYWORD2>EVAX_EXTLH</KEYWORD2>
    <KEYWORD2>EVAX_EXTQH</KEYWORD2>
    <KEYWORD2>EVAX_INSBL</KEYWORD2>
    <KEYWORD2>EVAX_INSWL</KEYWORD2>
    <KEYWORD2>EVAX_INSLL</KEYWORD2>
    <KEYWORD2>EVAX_INSQL</KEYWORD2>
    <KEYWORD2>EVAX_INSBH</KEYWORD2>
    <KEYWORD2>EVAX_INSWH</KEYWORD2>
    <KEYWORD2>EVAX_INSLH</KEYWORD2>
    <KEYWORD2>EVAX_INSQH</KEYWORD2>
    <KEYWORD2>EVAX_TRAPB</KEYWORD2>
    <KEYWORD2>EVAX_MB</KEYWORD2>
    <KEYWORD2>EVAX_RCC</KEYWORD2>
    <KEYWORD2>EVAX_RPCC</KEYWORD2>
    <KEYWORD2>EVAX_CMPEQ</KEYWORD2>
    <KEYWORD2>EVAX_CMPLT</KEYWORD2>
    <KEYWORD2>EVAX_CMPLE</KEYWORD2>
    <KEYWORD2>EVAX_CMPULT</KEYWORD2>
    <KEYWORD2>EVAX_CMPULE</KEYWORD2>
    <KEYWORD2>EVAX_BEQ</KEYWORD2>
    <KEYWORD2>EVAX_BNE</KEYWORD2>
    <KEYWORD2>EVAX_BLT</KEYWORD2>
    <KEYWORD2>EVAX_MT_FPCR</KEYWORD2>
    <KEYWORD2>EVAX_MF_FPCR</KEYWORD2>
    <KEYWORD2>EVAX_ZAP</KEYWORD2>
    <KEYWORD2>EVAX_ZAPNOT</KEYWORD2>
    <KEYWORD2>EVAX_LDLL</KEYWORD2>
    <KEYWORD2>EVAX_STLC</KEYWORD2>
    <KEYWORD2>EVAX_CMOVEQ</KEYWORD2>
    <KEYWORD2>EVAX_CMOVNE</KEYWORD2>
    <KEYWORD2>EVAX_CMOVLT</KEYWORD2>
    <KEYWORD2>EVAX_CMOVLE</KEYWORD2>
    <KEYWORD2>EVAX_CMOVGT</KEYWORD2>
    <KEYWORD2>EVAX_CMOVGE</KEYWORD2>
    <KEYWORD2>EVAX_CMOVLBC</KEYWORD2>
    <KEYWORD2>EVAX_CMOVLBS</KEYWORD2>
    <KEYWORD2>EVAX_SEXTL</KEYWORD2>
    <KEYWORD2>EVAX_SEXTB</KEYWORD2>
    <KEYWORD2>EVAX_SEXTW</KEYWORD2>
    <KEYWORD2>EVAX_CALLG_64</KEYWORD2>
    <KEYWORD2>EVAX_CFLUSH</KEYWORD2>
    <KEYWORD2>EVAX_DRAINA</KEYWORD2>
    <KEYWORD2>EVAX_LDQP</KEYWORD2>
    <KEYWORD2>EVAX_STQP</KEYWORD2>
    <KEYWORD2>EVAX_SWPCTX</KEYWORD2>
    <KEYWORD2>EVAX_BUGCHK</KEYWORD2>
    <KEYWORD2>EVAX_CHME</KEYWORD2>
    <KEYWORD2>EVAX_CHMK</KEYWORD2>
    <KEYWORD2>EVAX_CHMS</KEYWORD2>
    <KEYWORD2>EVAX_CHMU</KEYWORD2>
    <KEYWORD2>EVAX_IMB</KEYWORD2>
    <KEYWORD2>EVAX_SWASTEN</KEYWORD2>
    <KEYWORD2>EVAX_WR_PS_SW</KEYWORD2>
    <KEYWORD2>EVAX_RSCC</KEYWORD2>
    <KEYWORD2>EVAX_READ_UNQ</KEYWORD2>
    <KEYWORD2>EVAX_WRITE_UNQ</KEYWORD2>
    <KEYWORD2>EVAX_INSQHILR</KEYWORD2>
    <KEYWORD2>EVAX_INSQTILR</KEYWORD2>
    <KEYWORD2>EVAX_INSQHIQR</KEYWORD2>
    <KEYWORD2>EVAX_INSQTIQR</KEYWORD2>
    <KEYWORD2>EVAX_REMQHILR</KEYWORD2>
    <KEYWORD2>EVAX_REMQTILR</KEYWORD2>
    <KEYWORD2>EVAX_REMQHIQR</KEYWORD2>
    <KEYWORD2>EVAX_REMQTIQR</KEYWORD2>
    <KEYWORD2>EVAX_GENTRAP</KEYWORD2>
    <KEYWORD2>EVAX_MTPR_ASTEN</KEYWORD2>
    <KEYWORD2>EVAX_MTPR_ASTSR</KEYWORD2>
    <KEYWORD2>EVAX_MTPR_AT</KEYWORD2>
    <KEYWORD2>EVAX_MTPR_FEN</KEYWORD2>
    <KEYWORD2>EVAX_MTPR_IPIR</KEYWORD2>
    <KEYWORD2>EVAX_MTPR_IPL</KEYWORD2>
    <KEYWORD2>EVAX_MTPR_PRBR</KEYWORD2>
    <KEYWORD2>EVAX_MTPR_SCBB</KEYWORD2>
    <KEYWORD2>EVAX_MTPR_SIRR</KEYWORD2>
    <KEYWORD2>EVAX_MTPR_TBIA</KEYWORD2>
    <KEYWORD2>EVAX_MTPR_TBIAP</KEYWORD2>
    <KEYWORD2>EVAX_MTPR_TBIS</KEYWORD2>
    <KEYWORD2>EVAX_MTPR_ESP</KEYWORD2>
    <KEYWORD2>EVAX_MTPR_SSP</KEYWORD2>
    <KEYWORD2>EVAX_MTPR_USP</KEYWORD2>
    <KEYWORD2>EVAX_MTPR_TBISD</KEYWORD2>
    <KEYWORD2>EVAX_MTPR_TBISI</KEYWORD2>
    <KEYWORD2>EVAX_MFPR_ASN</KEYWORD2>
    <KEYWORD2>EVAX_MFPR_AT</KEYWORD2>
    <KEYWORD2>EVAX_MFPR_FEN</KEYWORD2>
    <KEYWORD2>EVAX_MFPR_IPL</KEYWORD2>
    <KEYWORD2>EVAX_MFPR_MCES</KEYWORD2>
    <KEYWORD2>EVAX_MFPR_PCBB</KEYWORD2>
    <KEYWORD2>EVAX_MFPR_PRBR</KEYWORD2>
    <KEYWORD2>EVAX_MFPR_PTBR</KEYWORD2>
    <KEYWORD2>EVAX_MFPR_SCBB</KEYWORD2>
    <KEYWORD2>EVAX_MFPR_SISR</KEYWORD2>
    <KEYWORD2>EVAX_MFPR_TBCHK</KEYWORD2>
    <KEYWORD2>EVAX_MFPR_ESP</KEYWORD2>
    <KEYWORD2>EVAX_MFPR_SSP</KEYWORD2>
    <KEYWORD2>EVAX_MFPR_USP</KEYWORD2>
    <KEYWORD2>EVAX_MFPR_WHAMI</KEYWORD2>

    </KEYWORDS>
    </RULES>
</MODE>
